STUDENTID,pred,data_length
2333000106,0.558695594965231,20
2333000190,0.6554639471863437,20
2333000289,0.575,30
2333000386,0.6094976031720036,20
2333000637,0.643406895946861,10
2333001048,0.8376446766382406,10
2333001633,0.435,30
2333001731,0.725250721459712,10
2333001803,0.5582584485467141,10
2333001897,0.6,30
2333002249,0.6336303118178317,10
2333002583,0.6200580179878049,20
2333003083,0.5739635674450656,10
2333003270,0.83,30
2333003865,0.7639795479149383,10
2333003938,0.605,30
2333004446,0.36,30
2333004535,0.41244819139408895,10
2333005221,0.06066394038633103,10
2333005311,0.6597885167917736,10
2333005728,0.33546539732231645,20
2333005914,0.58,30
2333008212,0.7114555560368633,20
2333008221,0.21934345608252964,10
2333008361,0.6245027601192846,20
2333008476,0.18827285863358395,10
2333008506,0.717100560812583,20
2333008620,0.5502079785164194,10
2333008638,0.44,30
2333008778,0.6647538590017266,20
2333008921,0.645038578513415,20
2333008930,0.61,30
2333008972,0.4,30
2333008981,0.715,30
2333008999,0.649555981164796,10
2333009057,0.705,30
2333009553,0.11,30
2333009618,0.595,30
2333009723,0.3651052000028138,20
2333009812,0.6060289580634243,20
2333010501,0.525,30
2333010756,0.5428142220918717,10
2333011361,0.6868757606185406,20
2333011540,0.895,30
2333012112,0.445,30
2333012643,0.62,30
2333014506,0.425,30
2333014841,0.45,30
2333015031,0.505,30
2333015138,0.7517985442513972,10
2333015197,0.604629353961112,20
2333015286,0.655,30
2333015359,0.6658371254519235,20
2333015952,0.5027553931749644,10
2333016037,0.7337639602554744,20
2333016983,0.63,30
2333017076,0.54,30
2333017921,0.6411321107243378,10
2333018480,0.6562939229801031,20
2333018781,0.6754546076817829,10
2333018978,0.3302369224201424,20
2333019371,0.535,30
2333019966,0.58,30
2333020123,0.6797205842552247,20
2333020310,0.7078479271198214,20
2333020565,0.7244574076375645,20
2333022266,0.755,30
2333022355,0.6808394414186878,10
2333022436,0.2756575422300135,20
2333022703,0.6071694364793049,20
2333022762,0.87,30
2333022959,0.6634243610892102,10
2333023211,0.46,30
2333023653,0.63,30
2333024251,0.7027866921611785,10
2333024315,0.7371708542047515,10
2333024561,0.63,30
2333024820,0.595,30
2333026008,0.7047475013765143,20
2333026296,0.821045918503494,10
2333026768,0.48,30
2333026857,0.6789705711425609,20
2333026946,0.722803375859816,10
2333027454,0.6844595566579664,10
2333028230,0.672210057821014,10
2333028337,0.7320503070752234,20
2333028663,0.5316123749394825,10
2333028736,0.6454130461460555,20
2333028833,0.47,30
2333029058,0.5544642644060421,10
2333029538,0.685,30
2333029945,0.6102031269452739,20
2333030439,0.635,30
2333030684,0.775,30
2333030781,0.5912147673563046,20
2333031192,0.515,30
2333031796,0.6880989916810927,20
2333031826,0.655,30
2333031974,0.3272003547338094,20
2333032041,0.6162952549511685,20
2333032130,0.6430740178680235,10
2333032237,0.655,30
2333032661,0.78,30
2333032733,0.6964181873581206,10
2333032881,0.5051183410961495,10
2333033268,0.765,30
2333033331,0.6304109597895099,10
2333033586,0.590968661654686,10
2333033772,0.6927013894923811,20
2333034183,0.6201789396841572,20
2333034213,0.725,30
2333034612,0.45906316585251905,10
2333034710,0.605,30
2333035384,0.2870502750802454,20
2333035414,0.6550403545690583,20
2333035716,0.68,30
2333035813,0.7060582290707752,10
2333035970,0.21095154234089275,20
2333036615,0.5302914849467871,10
2333036666,0.6629333684141387,10
2333036674,0.56,30
2333036836,0.6650412216815975,10
2333036925,0.72,30
2333037107,0.5167655729592329,10
2333037263,0.8108201044858834,10
2333037271,0.7762786596912201,10
2333037361,0.6640733527072207,20
2333037671,0.738824681412157,10
2333037778,0.6250562266146646,20
2333037956,0.6606870033670218,20
2333038057,0.6150903003376008,20
2333038456,0.7273478697962293,10
2333038863,0.6697103394756254,10
2333041945,0.695,30
2333042119,0.6741318491950535,20
2333042381,0.5885533367535626,20
2333042607,0.7585743294616002,10
2333043221,0.74,30
2333043247,0.5897434896899514,20
2333043395,0.485,30
2333044928,0.6216360100370654,20
2333045592,0.5686434617567578,10
2333045860,0.595,30
2333046289,0.4024309159978417,10
2333046726,0.6907404120048519,20
2333047048,0.675,30
2333047137,0.5328874691169615,10
2333047315,0.72937577387696,10
2333047722,0.6647922368966735,20
2333047820,0.785,30
2333047986,0.6596704759497772,20
2333048176,0.6473465542343172,10
2333048231,0.7173282745905135,20
2333048419,0.295,30
2333048915,0.5413251153090741,10
2333049016,0.8076451199291738,10
2333049083,0.31,30
2333049369,0.6294235021529725,20
2333051720,0.703064647919533,20
2333051916,0.6505709441518926,20
2333052416,0.7891514374980619,10
2333053196,0.6836981623585412,20
2333053510,0.7421134982854141,20
2333053862,0.25053850464003696,20
2333053897,0.475,30
2333055245,0.2646436204068868,20
2333055491,0.5356452233263593,10
2333055849,0.8,30
2333056438,0.725,30
2333056896,0.3070320629120522,20
2333057001,0.6425001532729915,10
2333057035,0.24487743469769715,20
2333057043,0.6623960253922055,20
2333057531,0.69,30
2333057540,0.7170461917138635,10
2333057621,0.36,30
2333057698,0.567699274473783,10
2333057965,0.6171493214187251,10
2333058031,0.475,30
2333058058,0.7158246908002147,10
2333058244,0.7379258297951365,10
2333058309,0.6930620332016005,10
2333058406,0.7270516788059787,10
2333058546,0.6940879408740089,10
2333058732,0.6983014163474698,20
2333058805,0.42,30
2333058937,0.6371924077532752,20
2333059330,0.6214241527174156,10
2333059836,0.755,30
2333060702,0.69,30
2333060711,0.5067131493521232,10
2333060770,0.6624952055805329,20
2333061199,0.36,30
2333061440,0.6824833354654731,10
2333061628,0.7696942621099141,10
2333062128,0.5,30
2333062667,0.725,30
2333062811,0.675,30
2333063019,0.575,30
2333063311,0.52,30
2333063418,0.6603911140029983,10
2333064074,0.7205942982578288,10
2333064350,0.6970641598945333,20
2333065275,0.515,30
2333065526,0.24341760955108746,20
2333065801,0.35,30
2333065879,0.6337563330706736,20
2333066051,0.455,30
2333066301,0.4799497058306553,10
2333067243,0.6095577837180196,20
2333067341,0.6342077269338652,20
2333067596,0.68,30
2333067910,0.7047316712680708,10
2333068011,0.5512736168239638,10
2333068193,0.585,30
2333068401,0.6961123958190094,20
2333068444,0.5072441460291106,10
2333068851,0.64,30
2333068860,0.41,30
2333068959,0.6187474950410532,20
2333069742,0.515,30
2333069793,0.6156834101375385,20
2333069891,0.865,30
2333069998,0.58,30
2333070147,0.47,30
2333070244,0.7211153691577423,20
2333070252,0.545,30
2333070309,0.598062551457907,20
2333070643,0.635,30
2333070651,0.657811053141278,10
2333071241,0.6007189232954879,10
2333071933,0.525,30
2333072433,0.26674597530284566,20
2333072697,0.6345954435393878,10
2333072948,0.5868410740446346,10
2333073383,0.51,30
2333073545,0.5962173746133366,20
2333073723,0.57,30
2333073979,0.599454650684955,10
2333074070,0.6448578607265912,10
2333074321,0.7250462484454812,10
2333074576,0.615,30
2333074665,0.7161750271360015,20
2333076196,0.6307078220479458,10
2333076374,0.745,30
2333076463,0.56,30
2333076528,0.675,30
2333076684,0.6578411934541104,10
2333077214,0.46,30
2333079161,0.7062500778281782,10
2333079357,0.7008048372073448,20
2333079683,0.64,30
2333079764,0.48,30
2333079799,0.6399232638399461,10
2333079861,0.7470323406450001,10
2333079870,0.7011608064736614,20
2333079942,0.5262573682832705,10
2333079969,0.6123606725148893,20
2333080029,0.30715043231062206,20
2333080169,0.55,30
2333080967,0.5395152224391625,10
2333081149,0.6695513126027497,20
2333081475,0.475,30
2333081645,0.6601528401163027,20
2333081904,0.6623486989139938,20
2333082064,0.6392063302160058,10
2333082412,0.58,30
2333082668,0.5624098576858715,10
2333082803,0.71834318412429,10
2333083290,0.575,30
2333083354,0.583322973423672,10
2333084385,0.667238042602987,20
2333084547,0.585,30
2333084709,0.6736848836247262,20
2333085225,0.5741939993214713,10
2333085551,0.7061935635201941,10
2333085802,0.5998693475663206,10
2333085993,0.6685123979709409,20
2333087007,0.6916335973157056,10
2333087180,0.71,30
2333087431,0.34,30
2333087775,0.79,30
2333087872,0.625,30
2333088127,0.85,30
2333088135,0.855,30
2333088330,0.6069502602918398,20
2333088381,0.6537064948565577,20
2333088488,0.6919630494437244,10
2333088551,0.615,30
2333088577,0.71,30
2333088640,0.63,30
2333088721,0.61,30
2333088798,0.6464346258723872,20
2333089042,0.5712300116790532,10
2333089140,0.6238956100193861,10
2333089221,0.63,30
2333089425,0.5825041056120257,20
2333089476,0.768141282628052,10
2333089531,0.6957401693828712,10
2333089573,0.5166731930839981,10
2333089590,0.675,30
2333089727,0.7242407038823256,20
2333089778,0.5348883250281048,20
2333089913,0.63,30
2333091705,0.615,30
2333091772,0.695,30
2333092370,0.62,30
2333092469,0.605,30
2333092621,0.425,30
2333092876,0.6216089823500763,20
2333092906,0.814856536146136,10
2333093228,0.6270070710031436,20
2333093252,0.6667855140740929,20
2333093601,0.52,30
2333094437,0.52,30
2333094453,0.645659411261342,20
2333094755,0.8045985353968755,10
2333094925,0.6157002619080268,20
2333094941,0.5649304840182375,10
2333095107,0.5242704152467061,10
2333095204,0.65,30
2333095514,0.2955280954064423,20
2333095701,0.74,30
2333096553,0.5978607725234878,10
2333096642,0.6042046422676604,10
2333097908,0.6784203049845614,10
2333098505,0.47,30
2333098688,0.6820380116606686,10
2333099536,0.7488878402339836,10
2333100291,0.11804259841946817,10
2333100640,0.6314224690810846,20
2333101425,0.6984773298543119,10
2333101484,0.67,30
2333102481,0.8026114920044338,10
2333103371,0.7252459272826751,20
2333103436,0.715,30
2333103541,0.6861683042202326,20
2333103711,0.5951334282975336,20
2333104068,0.64,30
2333104122,0.40350893140495203,10
2333104165,0.644244977996016,20
2333104386,0.55,30
2333104904,0.6171346691659615,20
2333105161,0.645,30
2333105412,0.7135577458283993,20
2333105480,0.6828528183268332,20
2333105617,0.7328541478535218,10
2333105668,0.37,30
2333105765,0.5262611000360031,10
2333106176,0.75,30
2333107806,0.665,30
2333108217,0.7395272194090733,20
2333108314,0.895,30
2333108403,0.46,30
2333108900,0.6265552033162728,20
2333109345,0.7049247538441376,20
2333109507,0.6392466769324684,20
2333110106,0.5898486684335695,20
2333110181,0.6240558932609249,20
2333110297,0.6710714404243732,10
2333110513,0.48,30
2333110548,0.5,30
2333110696,0.6757550626056088,20
2333110700,0.135,30
2333110955,0.6907407651033773,20
2333111048,0.5618178571333642,10
2333111714,0.5308383960278144,10
2333112052,0.56,30
2333112303,0.39,30
2333112494,0.6,30
2333112656,0.696463112676198,20
2333112834,0.6053532453365106,20
2333113083,0.7118342328678503,10
2333113181,0.6324749414261126,10
2333113407,0.7311888219961459,20
2333113938,0.5437348849706506,10
2333114535,0.49037416404544887,10
2333114721,0.7281699324343203,20
2333114942,0.5976726464541989,20
2333115281,0.6056632041665714,10
2333115388,0.585,30
2333115477,0.5907218603973964,10
2333115736,0.6110334908059537,10
2333116732,0.6296234868817921,20
2333116775,0.47,30
2333116881,0.6692811496897287,20
2333117372,0.505,30
2333117771,0.5325545970016949,10
2333118182,0.6647398991104548,20
2333118361,0.2940451106615492,20
2333119561,0.71,30
2333120012,0.694044834951315,10
2333120667,0.6303623298959764,20
2333121167,0.7168636315428583,10
2333121329,0.59,30
2333121426,0.575,30
2333122163,0.7,30
2333124697,0.7322189989144269,20
2333125006,0.5594135750048715,20
2333125162,0.42,30
2333125448,0.6592615147799694,20
2333125782,0.6736245994362383,10
2333126037,0.7062694767637854,20
2333126193,0.54,30
2333126291,0.6998405699337488,10
2333126703,0.635,30
2333127335,0.58,30
2333127831,0.5578853348138731,10
2333127891,0.6678063033555475,20
2333128081,0.7181688309373875,20
2333128501,0.80181153234674,10
2333128838,0.611436640386874,10
2333129028,0.5674445713610616,10
2333129087,0.6607646423177985,20
2333129125,0.6616123522104036,10
2333129273,0.79,30
2333129443,0.5374453071823495,10
2333129621,0.4807108424627773,10
2333129699,0.5980728447897125,20
2333129974,0.61,30
2333130191,0.6608592067638692,10
2333130531,0.41312828690773734,10
2333130557,0.56,30
2333131065,0.525,30
2333131669,0.6475854203708269,20
2333132231,0.475,30
2333132762,0.6104417751805099,20
2333132924,0.7261692093413291,20
2333133211,0.6545408378897101,10
2333134307,0.705,30
2333135150,0.44,30
2333135729,0.6989411455728843,20
2333135753,0.7138403724116735,20
2333135826,0.7161422058225005,10
2333135915,0.395,30
2333136008,0.6270317340445071,10
2333136253,0.4015335677457207,10
2333136342,0.5963840752686483,10
2333136415,0.72,30
2333136563,0.445,30
2333136865,0.6797205469298641,20
2333137055,0.445,30
2333137268,0.34964333516248564,20
2333137705,0.6325880567364004,20
2333138043,0.7664546349399695,10
2333138205,0.6831180379157565,20
2333138736,0.79,30
2333138809,0.7066545157597369,20
2333138892,0.72294230266567,20
2333139066,0.5799561944701105,20
2333139392,0.6507364665948268,20
2333139490,0.6498234385336249,20
2333140943,0.6675972720760207,20
2333141044,0.6248635632617122,10
2333141192,0.7298456601626983,10
2333141621,0.6813008397467079,20
2333142130,0.6486273748577226,20
2333142296,0.7018829480728751,20
2333142733,0.4450873747382913,10
2333142741,0.755,30
2333142903,0.6891525803131304,20
2333143845,0.35343432440662936,10
2333143934,0.663498556894997,20
2333144264,0.6489265748391126,20
2333144931,0.43,30
2333145023,0.7121520807089335,20
2333145121,0.7240895928911227,20
2333145384,0.30623050894772885,20
2333145538,0.6860709288352704,20
2333145686,0.595,30
2333147484,0.585,30
2333147611,0.7388256389611747,20
2333148421,0.7036053025373051,20
2333148766,0.745,30
2333149274,0.68,30
2333149363,0.8099808876644393,10
2333150728,0.4023383375135361,10
2333151414,0.64,30
2333151660,0.30540674952551805,20
2333151856,0.5795023520863797,10
2333152011,0.2081625685617559,10
2333152101,0.27352845797178554,20
2333152267,0.6693662680825382,20
2333152291,0.7110603938359011,20
2333152798,0.58,30
2333153131,0.5961371656315582,20
2333153204,0.6883011569671208,10
2333153492,0.5808116800297786,10
2333153891,0.7223210513193391,20
2333154243,0.5922410946637946,20
2333154308,0.6014935446804839,20
2333154740,0.6161937745557355,10
2333154839,0.6999823991839798,10
2333156530,0.56,30
2333157048,0.6514564102913173,20
2333157056,0.2705153796391244,20
2333157072,0.6293887539472368,20
2333157471,0.14386696675357663,10
2333157927,0.8021210916186945,10
2333158672,0.5437497756305043,10
2333158681,0.54,30
2333159334,0.57,30
2333159377,0.6031519028599357,10
2333159423,0.56,30
2333159580,0.38,30
2333159938,0.6679983833160266,20
2333160111,0.6669740769111853,20
2333160367,0.6628147182441131,10
2333160529,0.5209807010763607,10
2333160685,0.5906939837400426,10
2333161371,0.6188740692314849,10
2333161410,0.6878390156517811,20
2333161827,0.6762014219379192,10
2333161886,0.5750366973480013,20
2333162017,0.33,30
2333162823,0.6295303075499148,20
2333163102,0.6165679268328457,10
2333165211,0.32757687824539994,20
2333166250,0.498601445143737,10
2333166411,0.665,30
2333166594,0.6697278086494916,10
2333166845,0.7055863201516921,20
2333167094,0.625,30
2333167167,0.6270410688667725,10
2333167531,0.5224305281177668,10
2333167949,0.73,30
2333168635,0.40147178653907367,10
2333169046,0.674677420168531,20
2333169747,0.723488797890776,10
2333169895,0.6515383346403554,10
2333169992,0.7098153314103736,10
2333170648,0.6731655156240925,20
2333170672,0.52,30
2333171024,0.645,30
2333171091,0.5888674295876706,20
2333171873,0.7156407547220297,20
2333171946,0.56,30
2333172799,0.7025354391574211,10
2333174082,0.6559723568289125,20
2333174864,0.6845454890771194,20
2333175275,0.674377745862371,20
2333175615,0.6801341012401513,10
2333175771,0.24513219616367984,20
2333176476,0.737358006128172,20
2333176620,0.7080721981519903,10
2333177570,0.5616081997361401,10
2333177758,0.77,30
2333178266,0.79,30
2333178347,0.6296894662162704,20
2333178428,0.4958516187148792,10
2333178673,0.6978484855073167,20
2333178851,0.6922683363581771,20
2333179041,0.615,30
2333179114,0.815,30
2333179521,0.585,30
2333179700,0.4315199337592171,10
2333179874,0.6848547948145435,10
2333180147,0.335,30
2333180392,0.6816581755409322,10
2333181208,0.5760162907842844,10
2333181658,0.7800122002471954,10
2333181844,0.6340710846299901,20
2333182344,0.676328438723402,10
2333182433,0.7099758471626777,20
2333182514,0.645,30
2333183031,0.5894506010291524,20
2333183201,0.54,30
2333183359,0.6453125021999514,10
2333183545,0.6432151592384436,20
2333183707,0.6112206975520889,20
2333184037,0.45,30
2333184134,0.7485107839977208,20
2333184207,0.5540505041661544,10
2333184487,0.575,30
2333184827,0.6848360822517343,20
2333185157,0.745,30
2333185581,0.475,30
2333186277,0.68,30
2333186480,0.7648283151741667,10
2333186781,0.51,30
2333187621,0.6333686707836308,20
2333188636,0.6934714164563881,20
2333188725,0.6130948048921049,20
2333188822,0.445,30
2333189012,0.5670170464089128,20
2333189161,0.5537834051122609,10
2333189675,0.6707736866458447,20
2333189764,0.7,30
2333190011,0.28357372640175754,20
2333190088,0.30966717585899334,20
2333190517,0.6654046172535878,20
2333190614,0.6,30
2333190703,0.865,30
2333190771,0.74874728560942,10
2333190860,0.561900523048834,10
2333191211,0.6588773901430416,20
2333191378,0.72,30
2333192251,0.6346465889203295,20
2333192650,0.7130951044365922,20
2333192749,0.3331744992453962,20
2333192854,0.7337043371312122,10
2333193605,0.606130856318479,20
2333194768,0.6103099295375203,10
2333195454,0.340912592508314,20
2333195462,0.7145629179520142,20
2333195471,0.555,30
2333195497,0.615,30
2333195551,0.7623422271791271,10
2333195608,0.6590143289043248,20
2333196051,0.6688089983857715,10
2333196141,0.5567593214961922,10
2333196744,0.7088349574471309,10
2333196906,0.5584687825978192,10
2333197341,0.6365818426947293,20
2333197406,0.6206961076174213,20
2333198020,0.465,30
2333198046,0.7131094598276125,20
2333198194,0.7438642162095764,10
2333198542,0.6700545528701951,20
2333199727,0.6249624174154029,10
2333200148,0.73,30
2333200733,0.45,30
2333201373,0.67,30
2333201683,0.7372449291513656,20
2333202027,0.21635386763076403,10
2333202183,0.30837142896446634,20
2333202523,0.43261063396741983,10
2333202710,0.5360795504794753,10
2333203121,0.7097297024346096,10
2333204071,0.55,30
2333204160,0.29561405327844953,10
2333204411,0.575,30
2333204518,0.6205175907564134,10
2333204755,0.6505421004166192,20
2333204917,0.6086925555744843,10
2333205026,0.7152249028670437,20
2333205166,0.5829014020158144,20
2333205514,0.54,30
2333205611,0.5699473055007808,10
2333205778,0.6836272923338912,10
2333205816,0.36,30
2333206308,0.6580953835268991,20
2333206618,0.5578780170410442,10
2333206651,0.63,30
2333206715,0.6021344265844945,20
2333206723,0.6277881099157466,10
2333207053,0.29605586126865935,20
2333207304,0.52,30
2333207746,0.5695976752282907,10
2333207801,0.315,30
2333207843,0.6278875579025884,20
2333208459,0.765,30
2333208696,0.647363599541633,20
2333209102,0.6414809105396526,10
2333209111,0.24486885160703908,20
2333209161,0.62,30
2333210381,0.54,30
2333210551,0.6430324236442303,20
2333210631,0.6177501043671321,20
2333210704,0.61,30
2333210801,0.765,30
2333210984,0.49895087455973686,10
2333211051,0.7737264079181593,10
2333211140,0.6808596969301228,20
2333211336,0.6427907076367153,10
2333211581,0.685,30
2333211832,0.8252649133378134,10
2333211999,0.575,30
2333212081,0.7186285327267654,20
2333212537,0.5937644479118613,10
2333212685,0.687842685139404,20
2333213037,0.73,30
2333213045,0.45,30
2333213185,0.6828531656519194,10
2333213444,0.6244000385672834,20
2333213592,0.6532448330993352,10
2333213789,0.5964033989341293,20
2333213797,0.6553905937320476,10
2333213878,0.5829512047070853,10
2333214122,0.415,30
2333214220,0.7056960353603592,20
2333214289,0.623546584058036,20
2333214386,0.615,30
2333215064,0.5904893610254106,20
2333215137,0.6401460032581252,20
2333215170,0.1841452328201554,10
2333215773,0.695,30
2333215986,0.7685602356278721,10
2333216265,0.535,30
2333216273,0.571450983201935,10
2333216869,0.7271367171862215,10
2333217113,0.5594145864867657,10
2333217369,0.6398751481223168,10
2333217466,0.6969733015919759,10
2333218471,0.6821637186767978,20
2333218721,0.7204540635177452,20
2333219230,0.5644797351455496,10
2333219663,0.33609383071349014,10
2333219752,0.53,30
2333220017,0.6360395596017128,20
2333220459,0.7199904502769258,20
2333220751,0.855,30
2333220921,0.6718942883719424,10
2333221056,0.47232090812951083,10
2333221111,0.1904891938342016,10
2333221625,0.455,30
2333221790,0.5082130486081162,10
2333222249,0.5413147094890345,10
2333222397,0.6286141237218251,20
2333222460,0.552535341639165,10
2333222567,0.51,30
2333223067,0.6764909667950483,20
2333223245,0.6015065454484132,10
2333223652,0.6711815194253364,20
2333223695,0.47865400673457925,10
2333224942,0.595,30
2333224951,0.5907996422332701,20
2333225108,0.6934823135006237,20
2333225132,0.595,30
2333225299,0.6,30
2333225469,0.6,30
2333225701,0.765,30
2333225710,0.57,30
2333225841,0.6431419987068122,20
2333225884,0.632564859286922,20
2333226295,0.655,30
2333226392,0.5896750900401597,10
2333226821,0.7022600807828003,20
2333227232,0.6718447726045238,20
2333227534,0.57,30
2333228085,0.5851810536349606,20
2333228379,0.5781407218456451,10
2333228590,0.65,30
2333229031,0.46,30
2333229120,0.66,30
2333229537,0.375,30
2333229685,0.648068412937846,20
2333229791,0.495,30
2333229871,0.7154081948648731,10
2333229979,0.725,30
2333230578,0.7861661971877308,10
2333231418,0.75,30
2333232210,0.6504394015636918,10
2333233127,0.6147052237021607,20
2333233631,0.475,30
2333233968,0.670138308646668,10
2333234123,0.7947041567693931,10
2333234476,0.675744554194959,20
2333234859,0.52,30
2333235456,0.11929078550448516,10
2333235502,0.7288125156354398,10
2333236100,0.595,30
2333236541,0.6838526671830472,10
2333236606,0.7899865328539328,10
2333237645,0.4855021924139956,10
2333237891,0.47,30
2333237963,0.7394799782892091,10
2333238099,0.675,30
2333238242,0.6715669270446292,20
2333238838,0.6774358626217191,20
2333238919,0.6636214137704005,20
2333239249,0.67,30
2333239508,0.49227091166109926,10
2333240247,0.8023240611637696,10
2333240549,0.0688045261412134,10
2333241472,0.5,30
2333242398,0.5773192126908728,10
2333242584,0.645,30
2333242771,0.7183552493817765,20
2333243084,0.685,30
2333243432,0.7122327398607916,20
2333243777,0.535,30
2333243840,0.52,30
2333243866,0.7062477281391335,20
2333244081,0.28938020433299066,10
2333244196,0.7123718615253105,10
2333244463,0.53,30
2333244722,0.5273139912198236,10
2333245036,0.485,30
2333245133,0.615,30
2333245214,0.7018892237251425,10
2333245222,0.64672273800579,20
2333245320,0.5753606601379541,10
2333245338,0.72,30
2333245427,0.34087015378018626,20
2333245672,0.87,30
2333245711,0.6528134272858953,20
2333245737,0.5966703542187057,20
2333245923,0.7737085914929713,10
2333245974,0.5779899244484692,10
2333246415,0.615,30
2333246661,0.62,30
2333246768,0.5369344101266478,10
2333247527,0.7085368085562836,20
2333248051,0.6614096294074051,10
2333248116,0.5996193182090606,10
2333248221,0.6375259572682865,10
2333248523,0.7156269763990035,10
2333248612,0.635,30
2333248710,0.6408882928187667,10
2333248809,0.48,30
2333249392,0.745,30
2333249741,0.545,30
2333249813,0.66,30
2333249996,0.74,30
2333252253,0.7,30
2333252806,0.6201470771673309,20
2333252954,0.7199954226271107,20
2333253144,0.505,30
2333254647,0.651513883142967,20
2333254680,0.2592136282314012,20
2333254698,0.5768903355700543,10
2333255104,0.6495544736548488,10
2333255201,0.6312222596509907,20
2333256381,0.55,30
2333256399,0.275179503278097,20
2333256445,0.555,30
2333256631,0.5940327055249057,10
2333256721,0.52,30
2333256976,0.7128882859517792,20
2333257760,0.5544781442346555,10
2333258081,0.6203647805443606,20
2333258774,0.5692153607816249,10
2333260655,0.7168625084718911,20
2333260981,0.565,30
2333261503,0.5191521309919382,10
2333261601,0.6273169022146786,20
2333262267,0.7162521065888607,10
2333262429,0.6941848294435755,10
2333262453,0.6128747153634357,10
2333262852,0.42,30
2333263204,0.6146264028361738,10
2333263794,0.6008107867839204,20
2333264049,0.6529613225998477,20
2333264898,0.6661077762285943,20
2333265207,0.6014883948870237,20
2333265754,0.7005028028500729,20
2333266181,0.3602058451188707,10
2333266262,0.30700714251014594,20
2333266343,0.6069638818416494,10
2333266599,0.5993374103832165,10
2333266891,0.6025432347194719,20
2333267102,0.6507926691942809,20
2333267200,0.500422575714369,10
2333267358,0.339586558168685,20
2333267731,0.505,30
2333267889,0.6033706241724164,10
2333268044,0.28598258003277044,20
2333268206,0.673360115267268,10
2333268486,0.5091055254468314,10
2333269237,0.258583866231098,20
2333269334,0.59,30
2333269580,0.7425823022026984,10
2333271371,0.3189935053576402,20
2333271878,0.48518672807094404,10
2333272131,0.365,30
2333272238,0.6025954125433793,20
2333272386,0.6394023387980619,20
2333272645,0.5964379799460796,20
2333272726,0.6538105036698875,20
2333272823,0.725,30
2333273269,0.5199066848828843,10
2333273421,0.6252011037287919,20
2333273510,0.8,30
2333274109,0.709891266034303,20
2333274184,0.7853296345865881,10
2333275270,0.6669640764018862,10
2333275717,0.6540569842113331,20
2333275806,0.6756738730086753,20
2333275962,0.5716218860100037,10
2333276063,0.6854708299639333,20
2333276403,0.342749019425246,10
2333277515,0.6340408426812377,20
2333277604,0.65,30
2333277663,0.7265060378917984,20
2333278279,0.6197980470838516,20
2333278546,0.6618857266115604,20
2333279909,0.6151268473872882,10
2333280150,0.2790542155274311,20
2333280834,0.5831008542678658,10
2333280907,0.5992759684347824,20
2333280991,0.43857359951958813,10
2333281083,0.53,30
2333281181,0.714185675438745,20
2333281342,0.5554809190907715,20
2333281504,0.56,30
2333281946,0.78,30
2333282136,0.665,30
2333282535,0.5956589701873848,20
2333282691,0.735,30
2333282888,0.6902122011156077,10
2333283221,0.67,30
2333283736,0.46,30
2333283825,0.4994721094534183,10
2333283884,0.6982578047676778,20
2333284775,0.505,30
2333288720,0.6734421355483358,10
2333288754,0.7500871145519055,10
2333289106,0.27841984610252324,20
2333289173,0.74,30
2333289424,0.6725043191534651,20
2333290520,0.6799661280707195,20
2333290716,0.5919907756018166,20
2333291224,0.6475443705408713,10
2333291411,0.6793651591932072,20
2333291551,0.6254444654503968,20
2333291747,0.785,30
2333292000,0.5996062333407579,10
2333292069,0.275,30
2333292590,0.2872921232444835,20
2333292671,0.47344248971407554,10
2333293103,0.5535510542749619,10
2333293162,0.6940965841684925,10
2333295581,0.805,30
2333295807,0.6182298156380059,20
2333295998,0.67,30
2333296013,0.845,30
2333296081,0.565,30
2333296170,0.6377225357754426,20
2333296242,0.6506163584447309,20
2333296331,0.3302053556190318,10
2333296404,0.6713237748646441,20
2333296447,0.7105267970724763,20
2333296501,0.565,30
2333296757,0.75,30
2333296781,0.5781663075499448,10
2333297095,0.6819245854717734,10
2333297109,0.5894886144159005,10
2333297443,0.52,30
2333297621,0.523532408171622,10
2333297788,0.5537102039841589,10
2333297885,0.6800550124552209,20
2333298474,0.6851882992386539,20
2333298636,0.7218274506302174,20
2333299471,0.6170818921399079,10
2333299641,0.515,30
2333299837,0.12265739846668637,10
2333299926,0.625,30
2333300177,0.3769033528365586,10
2333300231,0.5794985793267334,10
2333300428,0.7841304863652079,10
2333300584,0.6652007778780308,20
2333300762,0.623181146784664,10
2333301181,0.6396465565924808,20
2333301289,0.645,30
2333301432,0.538366847373908,10
2333302218,0.585,30
2333302412,0.695,30
2333302561,0.731767062907668,10
2333302811,0.6185389755063564,20
2333303125,0.705,30
2333303826,0.6428951138548001,10
2333304423,0.517893490634101,10
2333304563,0.6681677314633971,20
2333304601,0.627763278463267,10
2333305110,0.6950137217517869,10
2333305705,0.48,30
2333306981,0.445,30
2333307848,0.65,30
2333308160,0.6899998633512299,20
2333308259,0.47,30
2333308780,0.625188494551656,20
2333309191,0.6738585714381571,20
2333309719,0.54,30
2333309735,0.6779025415072497,20
2333309808,0.6432841175529758,10
2333309891,0.6159711315815035,10
2333310415,0.6264594363220162,20
2333310652,0.6608397341949585,10
2333310903,0.59,30
2333311233,0.7538238627853506,10
2333311748,0.555,30
2333312086,0.65,30
2333312841,0.695,30
2333313139,0.615,30
2333313538,0.84,30
2333313970,0.4,30
2333314429,0.6776586945583004,20
2333314917,0.32551006264306265,20
2333314984,0.6403088380286406,10
2333315077,0.6087759338590812,20
2333315484,0.735,30
2333315832,0.2884484048054408,20
2333316189,0.77,30
2333316219,0.585,30
2333316367,0.697611076061361,20
2333316618,0.6397903204109595,20
2333316863,0.63,30
2333317304,0.415,30
2333317801,0.6568575294121781,20
2333317908,0.4461625300912776,10
2333317967,0.6999944747841256,20
2333318572,0.59,30
2333319153,0.6455441154355941,10
2333319412,0.667179142469126,20
2333321204,0.7433740201210713,20
2333321387,0.5831218677732611,20
2333321492,0.6119359937861824,20
2333321905,0.58,30
2333321999,0.53,30
2333322006,0.5939139967446886,20
2333322561,0.78,30
2333322995,0.485,30
2333323011,0.6080148330004811,20
2333323240,0.595314201208334,20
2333323291,0.555,30
2333323436,0.6460192970476509,20
2333323517,0.6290827479883515,20
2333323592,0.6773125471704234,10
2333324696,0.54,30
2333324882,0.43,30
2333325889,0.7367710008140549,10
2333325994,0.775,30
2333326079,0.735,30
2333326486,0.6216732973809477,20
2333326770,0.324450279424654,20
2333327091,0.46,30
2333327181,0.6282282090546049,20
2333327431,0.2540379457431704,20
2333327521,0.76,30
2333327598,0.53,30
2333327776,0.6185797213417318,10
2333328225,0.435,30
2333328276,0.7901952915724665,10
2333328471,0.6257174535187627,20
2333328535,0.31372458314118623,10
2333328721,0.6487743145983113,20
2333328730,0.555,30
2333329060,0.56,30
2333329141,0.6227028351373453,20
2333329159,0.7718940185869682,10
2333329418,0.6404114291273219,20
2333329663,0.6399045052739247,20
2333329825,0.6581006102330629,20
2333330076,0.46,30
2333330084,0.656809003562862,10
2333330505,0.6366478709869008,10
2333330611,0.7123056035055803,10
2333330769,0.7513110678673739,10
2333330912,0.6734209613093093,20
2333330971,0.565,30
2333331013,0.6932534435335954,20
2333331102,0.792414450721269,10
2333331170,0.6953330104871182,10
2333331366,0.6917458490208918,20
2333331374,0.5861780355982648,20
2333331528,0.5271948652426474,10
2333331676,0.545,30
2333331811,0.55,30
2333332036,0.07659431588327839,10
2333332460,0.7181724277440921,20
2333332524,0.605,30
2333332621,0.415,30
2333333059,0.6865664928180094,10
2333333814,0.49652466261771017,10
2333334250,0.6269436132214422,20
2333334501,0.465,30
2333334667,0.5835749680936569,10
2333336040,0.6631137749892243,20
2333336112,0.6912064651296775,20
2333336708,0.577531635665232,20
2333337143,0.48,30
2333337496,0.5882072753500555,10
2333337640,0.2776875847627793,20
2333337747,0.6745186559047425,20
2333338093,0.6089803992170025,20
2333338158,0.6823051183184389,10
2333338336,0.615911039608718,20
2333338425,0.8464044825152233,10
2333338689,0.6326154045509657,20
2333338832,0.62,30
2333338930,0.6214036263609668,20
2333339006,0.55,30
2333339090,0.755,30
2333339138,0.375,30
2333339197,0.585,30
2333339707,0.6801679878404387,20
2333339782,0.5250604852062057,10
2333340284,0.5334185306613655,10
2333340641,0.667384119586303,20
2333341141,0.7204612573099267,10
2333341175,0.53,30
2333341825,0.5574686080511173,10
2333342171,0.67,30
2333342481,0.64,30
2333342686,0.61,30
2333343038,0.552351302342303,10
2333343461,0.6430984120654422,10
2333343534,0.67,30
2333343925,0.6575750933630258,20
2333344565,0.6542341148239137,10
2333345162,0.5624583215529256,10
2333345227,0.66,30
2333345821,0.65,30
2333345839,0.6677909617885817,20
2333346070,0.58,30
2333346347,0.7173778813352862,20
2333346452,0.581438315531923,10
2333346606,0.6852188899763323,10
2333346673,0.73,30
2333347556,0.6826211843907722,20
2333348056,0.7061063737718811,20
2333348307,0.7463551529272782,10
2333349095,0.6448805073551509,10
2333349346,0.575,30
2333349567,0.6842703035113956,20
2333349591,0.59,30
2333349699,0.665,30
2333349753,0.5789046570636228,20
2333349931,0.548324807870996,10
2333350000,0.7737581355971095,10
2333350093,0.65,30
2333350883,0.6895979042463286,10
2333351545,0.626407175546519,10
2333351634,0.47,30
2333351715,0.67,30
2333351898,0.5873168562850707,10
2333351987,0.54,30
2333352657,0.6497880092408476,20
2333352894,0.46,30
2333352932,0.6964168559284615,10
2333353335,0.475,30
2333353491,0.665,30
2333354684,0.562608614801859,10
2333354781,0.905,30
2333354846,0.62,30
2333354871,0.45,30
2333355460,0.6841693417036993,20
2333355796,0.37,30
2333355877,0.7369796329073162,10
2333356482,0.7151914116600737,10
2333356822,0.6740827412825725,20
2333357161,0.7276547292275792,10
2333357586,0.755,30
2333358019,0.6823422251179799,10
2333358108,0.74,30
2333358175,0.735,30
2333358680,0.355,30
2333358965,0.5505955984547553,10
2333359961,0.695,30
2333360064,0.693724353461509,10
2333360561,0.61,30
2333361257,0.8128195856333875,10
2333361354,0.78,30
2333361419,0.631870464216711,20
2333361940,0.58,30
2333362016,0.5555968368521387,10
2333362270,0.2894739939468824,20
2333362547,0.5586149801964524,10
2333362601,0.5148855431746393,10
2333362792,0.215,30
2333362954,0.68,30
2333363055,0.375,30
2333363217,0.43106487800555127,10
2333363292,0.5042790140063355,10
2333363896,0.6515538169283281,20
2333363969,0.7513589890180105,10
2333363993,0.24137865690661328,10
2333364094,0.6877306073127885,20
2333364337,0.6923288881936382,20
2333364744,0.6722165091466791,20
2333364990,0.485,30
2333365091,0.785,30
2333365287,0.5854555421186176,10
2333366135,0.5678657735637391,10
2333366356,0.5140248571765563,10
2333366691,0.7420218663314102,20
2333366887,0.675,30
2333366950,0.6937861422359363,10
2333367476,0.7064377521908652,20
2333367824,0.57,30
2333367891,0.3156041503388079,20
2333368146,0.4822236748951477,10
2333368391,0.6358660009359888,20
2333368588,0.5967301324690636,20
2333368740,0.36,30
2333368774,0.635,30
2333369029,0.6343067760620267,10
2333369185,0.505,30
2333369274,0.5930259880829365,10
2333369592,0.445,30
2333369860,0.52,30
2333369941,0.6168431908497983,20
2333370124,0.6909011682635352,20
2333370787,0.71,30
2333371031,0.6340862652840319,10
2333371228,0.495,30
2333372232,0.695,30
2333372500,0.7501298139483688,10
2333372917,0.5798042770231087,10
2333373611,0.6467753008200416,20
2333373956,0.6467966405642938,20
2333374804,0.4202216761458866,10
2333374898,0.59,30
2333375142,0.6,30
2333375223,0.685,30
2333375258,0.5359510070768051,10
2333375550,0.46738610158617905,10
2333376351,0.7348360133431636,20
2333377013,0.59307787319162,20
2333377021,0.525,30
2333377102,0.485,30
2333377111,0.6025316071312584,10
2333377137,0.625,30
2333377510,0.6433835122089901,20
2333377781,0.4914774381642609,10
2333377951,0.6417830748388795,20
2333378044,0.7162625498822831,20
2333378192,0.4962922761173283,10
2333378206,0.6655788360962508,10
2333378559,0.5589875748844539,10
2333378958,0.6799276633183018,10
2333379253,0.567698633101116,20
2333379482,0.62,30
2333379491,0.66,30
2333380545,0.6254696225806211,20
2333380685,0.6694858998377389,10
2333381843,0.7322464312768027,10
2333381959,0.695,30
2333382033,0.6611767548715863,20
2333382122,0.6458059713554117,20
2333382220,0.33163275055695346,20
2333382238,0.28897740121519166,20
2333382548,0.7615934076495868,10
2333383072,0.575,30
2333383404,0.7733012511457019,10
2333383641,0.51,30
2333383927,0.6207430567388296,20
2333384672,0.46,30
2333384869,0.485,30
2333385024,0.6732124131673775,10
2333385181,0.573544801709257,10
